"session","created","modified","ended","expired","yearDOB","gender","race","raceOther","state","education","income","adults","minors","frequencyPrior","frequencySince","platform","prolific","feedback"
"","2021-11-17 04:47:03","2021-11-17 04:47:42","2021-11-17 04:47:42","","2001","man","asian, black","l","AZ","no_hs","incA_0to10","","","month_2-3","month_2-3","online","",""
"","2021-11-18 21:36:36","2021-11-18 21:36:42","","","","","","","","","","","","","","","",""
"","2021-11-18 21:37:58","2021-11-18 21:38:11","2021-11-18 21:38:11","","2001","other","native","","AZ","degree_associate","incF_50to75","","","week_1","week_1","boxstores","",""
"sparklingBaboonXXXUEe1VL676BPwLbl4WKurugTb2G1Jy71tm3LbJjSP04_wXk","2021-11-18 21:50:06","2021-11-18 21:50:43","2021-11-18 21:50:47","","2002","woman","white","","AR","degree_bs","incD_25to35","","","week_1","week_1","boxstores","",""
"blushingHoundXXXrv5EDNLwJsREyWV6McxnVWrEahrr2X3hRE99C9ZNWkQzRE8G","2021-11-18 22:03:05","2021-11-18 22:03:33","2021-11-18 22:03:37","","2001","other","black","","AZ","college_some","incJ_200toInf","","","week_1","week_2-5","boxstores","",""
"clearZebraSharkXXXA4weBxVFBpng4mQ9TMpaAxwPiXZff8gDubnZQDs3HY5CPm","2021-11-18 22:07:53","2021-11-18 22:08:16","2021-11-18 22:08:16","","2002","other","hispanic","","AZ","college_some","incJ_200toInf","","","week_1","week_1","foodmarket","","N/A"
"fantasticTawnyOwlXXX9vJWLJxCvhzAz1_wxp27VKlv_sBSQoSn5T-7CtUH6Z1B","2021-11-18 22:42:58","2021-11-18 22:43:25","2021-11-18 22:43:25","","2002","woman","black","","AZ","college_some","incD_25to35","","","month_2-3","week_1","boxstores","",""
"pricklySeaOtterXXX2biwh4Dw0FWMstwSOWupf4RamdoHM87x60bVWGfLCCXH82","2021-11-18 22:44:44","2021-11-18 22:45:45","2021-11-18 22:45:45","","1999","woman","white","","AR","degree_associate","incF_50to75","","","week_1","week_1","foodmarket","","N/A"
"","2021-11-19 17:52:52","2021-11-19 17:53:55","2021-11-19 17:53:55","","2001","woman","white","","CT","hs","incE_35to50","","3","week_1","week_1","boxstores","",""
"clumsyFennecXXXz3y2AjwzQwWS1BMmghjRv-3WjXf7IYrG3c6o8XPWOAhI0EQzL","2021-11-19 18:00:07","2021-11-19 18:00:37","2021-11-19 18:00:37","","1999","woman","white","","CA","vocational","incE_35to50","","","month_2-3","month_2-3","boxstores","","h"
"mistyStoatXXXZ7dvqCXKLcyGZyBZJ2j_Q9_pJySTlM3BjzRQ2NVQE2DVCs37cBD","2021-11-19 18:08:29","2021-11-19 18:08:47","2021-11-19 18:08:47","","2001","woman","black","","AR","vocational","incG_75to100","","","month_2-3","week_2-5","foodmarket","","k"
"QeLXkwQOVeXJPfYTgGjiOFOnGhGbaqKO98qQyiTP8iymQjSDzpk73gVwYjWr0AUa","2021-11-19 20:16:14","2021-11-19 20:17:19","2021-11-19 20:17:19","","1993","man","asian","","DC","degree_grad","incD_25to35","1","","month_2-3","week_1","boxstores, foodmarket, takeout","","Good Survey"
"5ss2myK2Vb7gRS31wQhxLGT9fyx7yxkXesDvL5rVllb2cK2oodTg9CFu6Ff8CR5y","2021-11-19 21:06:22","2021-11-19 21:06:56","2021-11-19 21:06:56","","1993","man","asian","","DC","degree_bs","incD_25to35","","","week_1","week_1","boxstores, foodmarket","","NA"
"YI2InWhhdZk5r8oUcYo39ChMKhEjULAVTNQdg7gqnTmq5gakhEL0BErQj7nOtH7Y","2021-11-19 21:42:12","2021-11-19 21:43:02","2021-11-19 21:43:02","","1998","woman","asian","","VA","degree_grad","incI_150to200","","","week_1","week_1","boxstores","",""
"curiousBearXXXtpdqQ5yH8DIHdpK61DOvjZB5cHNu9QAvapv_cpViV0wSZVsikm","2021-11-19 23:30:41","2021-11-19 23:31:25","2021-11-19 23:31:25","","2001","other","white","","AR","degree_associate","incD_25to35","1","1","everyday","week_1","boxstores, foodmarket","","N/A"
"3F5OZcjXq9gTLMlPmR45TnQELWktW8V9VpXa5KtZI8jMi8v4aWqk__aBzd_5a1Fq","2021-11-19 23:54:34","2021-11-19 23:55:07","2021-11-19 23:55:07","","1993","man","white","","DC","degree_bs","incB_10to15","2","","week_1","week_2-5","boxstores, foodmarket, takeout","","N/A"
"fancyTreeFrogXXXQLaOnu4JiMrGbKPz3kStpyR9crHs8yAfdF4cai2WctZcCVCF","2021-11-20 00:06:12","2021-11-20 00:06:38","2021-11-20 00:06:38","","1995","woman","white","","DC","degree_bs","incC_15to25","3","","month_2-3","week_1","foodmarket, takeout","","N/A"
"darkScorpionFishXXXo4HnIhMT4K9HQyxffhEKw5MrSzgl11kI34dGsmrEN0wVc","2021-11-20 21:41:22","2021-11-20 21:41:59","2021-11-20 21:41:59","","2000","man","white","","DC","degree_grad","incC_15to25","1","1","month_2-3","week_1","online, takeout","","N/A"
"dv9HKxs69GCFTzi6SHjtC_BgigCwQMWI9U1NC2hAIDkCAMT1gu2djKFXMa7aMd9k","2021-11-23 21:34:13","2021-11-23 21:35:10","2021-11-23 21:35:10","","1987","man","white","","MD","degree_grad","incH_100to150","4","2","month_2-3","month_2-3","boxstores","",""
"averageRussianBlueXXXaLrhs0Ev18Jw_v4Yk9Jvst5qQcgofMxvZBFMUbuAdKu","2021-11-23 21:51:01","2021-11-23 21:51:30","2021-11-23 21:51:30","","1993","man","asian","","DC","degree_grad","incC_15to25","1","1","week_1","month_2-3","boxstores, foodmarket, takeout","","N/A"
"","2021-11-24 14:10:06","2021-11-24 14:10:41","","","1998","man","","","DC","degree_bs","incC_15to25","1","1","month_2-3","week_1","takeout","123",""
"","2021-11-24 14:13:29","2021-11-24 14:13:59","2021-11-24 14:13:59","","2000","man","white","","DC","degree_bs","incD_25to35","","","month_2-3","week_1","takeout","123","N/A"
"outstandingJellyfishXXXdASUTH3y1EMNKr9L1qmxwY9kTll0abuvRIMxD4CZH","2021-11-24 14:15:05","2021-11-24 14:16:25","","","1996","man","asian","","DC","degree_bs","incC_15to25","","","month_2-3","month_2-3","takeout","123",""
"awkwardSpiderMonkeyXXX-ZRi9K5yX1vdtMUb2A1EGoyXc-l94z9L73XqWKA839","2021-11-24 14:17:24","2021-11-24 14:17:41","","","2001","other","black","","KS","no_hs","incH_100to150","","","month_2-3","month_2-3","boxstores, takeout","123",""
"5VC4RYNzXc-uNbE_XjpqZ4oTLOs6KqaNPAn_yMeRhFtASCIiLVixrsJginu0qVPB","2021-11-25 18:15:51","2021-11-25 18:17:21","2021-11-25 18:17:21","","1985","man","asian","","VA","degree_bs","incH_100to150","2","","month_2-3","week_2-5","takeout","123",""
"vvZhI2zDV9cfCE5SAVruQsrJ75VAH1-82qUh4OczTaVSMZvU981mB33sF4SDwEzD","2021-11-25 18:16:32","2021-11-25 18:17:25","2021-11-25 18:17:25","","1992","woman","asian","","VA","degree_grad","incH_100to150","2","","month_2-3","week_1","takeout","123",""
"y3ZgEThvKOHLsUUCnVRncMUoKkeeAiF0R898H4VQE8MLPY2K02DgkGAbbzYTQdlb","2021-11-25 19:16:51","2021-11-25 19:19:13","2021-11-25 19:19:13","","1994","woman","asian","","TX","degree_grad","incH_100to150","2","","month_2-3","week_1","boxstores, takeout","123",""
"OZeVE0W8AKi0zemCx4qm8-C4wlgcfAK0_Dr_zUungrqQcTWWS4RLjEuYrzaVBBfH","2021-11-26 03:33:13","2021-11-26 03:36:35","2021-11-26 03:36:35","","1994","woman","asian","","TX","degree_bs","incI_150to200","2","","month_2-3","month_2-3","online, takeout","123",""
"KgHpHfpnBby7W10XJ4H-morgroE_Vv-k7H4qnZMsnTKCHk1Vp_1AzGiPOc4nN3kk","2021-11-26 18:38:05","2021-11-26 18:38:41","2021-11-26 18:38:41","","2003","woman","black","","CA","degree_bs","incG_75to100","2","","week_1","month_2-3","foodmarket","123",""
"tQD__b8OSOH8fNm7cNct_ZhuHbTwYaGp3Mi8HIFNGsyFiyno5m3s4_wxFJK1sNls","2021-11-26 18:52:54","2021-11-26 18:53:34","2021-11-26 18:53:34","","1999","woman","white, hispanic","","IA","degree_bs","incC_15to25","1","","month_2-3","month_2-3","foodmarket","610a6f3b93afec13c3849bdc",""
"gw7inmCnxiX7H68hhSY2lpbpR5QN2HCL3LaFKPqkGv_BSDWP8wr84bPUdyktA0C_","2021-11-26 18:57:58","2021-11-26 18:59:47","2021-11-26 18:59:47","","1996","woman","asian","","NY","degree_bs","incI_150to200","3","","never","month_2-3","","60ff18d180366ca846cc174d",""
"_y2arWVhqfYWNlLaSxvikjqUbl83H7G5PnFxwkmsv8TCRlcjepHq4v_U-uhziYEz","2021-11-26 18:58:31","2021-11-26 19:00:06","2021-11-26 19:00:06","","1983","woman","black","","FL","degree_bs","incD_25to35","2","2","week_1","week_1","takeout","6172bc314504e7aea7fff4b5",""
"dHDPglgbFYngWKAwYCmgSYLB78tXpSYm1vghnwThZeiaQRkLurZXBC8za-liU6uL","2021-11-26 19:01:58","2021-11-26 19:03:13","2021-11-26 19:03:13","","1995","woman","white","","TX","degree_bs","incF_50to75","2","","month_2-3","month_2-3","takeout","5d4f27abc1ec740015d82e3a",""
"SjyZtBePi-fQT1F0dxeaxaVViEhRrb_OWGj_qMJfA1LctlO_mhzmy_p-YdQY1WJ3","2021-11-26 19:03:08","2021-11-26 19:04:09","2021-11-26 19:04:09","","2002","woman","white","","LA","college_some","prefer_n_s","","","week_1","week_2-5","boxstores, foodmarket, takeout","6137cbab9ccbfcec44170782",""
"pSJ3eirgw_s6ReoZoME-B0dSG-tfGbSdcOofTAjHx897WI-vuPlcI3E4tfTGQ3Yv","2021-11-26 19:03:22","2021-11-26 19:04:51","2021-11-26 19:04:51","","1996","woman","black","","LA","degree_bs","incD_25to35","","","everyday","week_2-5","foodmarket","5fecf13cd42dc5ec38d92aaa",""
"RdbIfemveSFMPbPdmHjLaUK1nq9WKOwHm1wdeMXHV06JbEjLEXv-QCwqlpVQeUOO","2021-11-26 19:03:54","2021-11-26 19:06:04","2021-11-26 19:06:04","","1995","other","asian","","FL","degree_bs","incC_15to25","4","","month_2-3","month_2-3","boxstores, foodmarket, takeout","60305f6a151d50ed8989f097","Everything went well in the study and I did not encounter any problems."
"LrQsE1oM-tnGGMyZ_7ug38QRKK0HdnnusGsswv6O_Og1SzGDmNHKKzqZ-fKj7r5P","2021-11-26 19:04:24","2021-11-26 19:06:31","2021-11-26 19:06:31","","1964","woman","asian","","CA","degree_associate","incG_75to100","2","","month_2-3","month_2-3","takeout","5fe2b802bf7c82ed02b7cd10",""
"ipz2Eb1dh34lCdfLrzuvRk12Cv38bN_OKL107vI7gUM9XnVJtnFwkX-8QpJ3Q33h","2021-11-26 19:05:19","2021-11-26 19:06:33","2021-11-26 19:06:33","","2000","man","white, hispanic","","CA","hs","incF_50to75","5","","month_2-3","month_2-3","boxstores, foodmarket, takeout","5e27fa29d91131a0838c9571",""
"S3tu19z4uBQLxXR7XeIaWMgHBr2xWXqYszhX8ovUsuWqXpPz4GpntHyxDbxD0R-p","2021-11-26 19:05:23","2021-11-26 19:06:13","2021-11-26 19:06:13","","2000","woman","white","","WI","hs","incB_10to15","3","","month_2-3","never","boxstores, foodmarket","6094de19cfc374df110c2781",""
"VpMx3Ll92vma0MR73EMGd-0UTIaWkneNPCaJNW6mpSnkD2OhL9D6BPGypgswJv_H","2021-11-26 19:05:44","2021-11-26 19:07:00","2021-11-26 19:07:00","","1994","woman","hispanic","","NJ","degree_bs","incD_25to35","1","","never","month_2-3","takeout","610059721070d369a4672eb0",""
"Z2a_x9U8gGalbcroSkp199hlXQpYs8UizBxEadx8FHIjc_uM9cyw6Pc_A06huCaa","2021-11-26 19:06:14","2021-11-28 05:30:32","","","1997","prefer_n_s","white, prefer_n_s","","MA","vocational","incD_25to35","","","never","month_2-3","boxstores","5a6e14e0d5d4cb0001d67696",""
"XNFY56GZsuUQvFwoyWKq1pRWI5cl1FM1LgH-6tW3vAndUBs6Vl2M1hoCxDpFBha7","2021-11-26 19:06:25","2021-11-26 19:07:36","2021-11-26 19:07:36","","2002","woman","white","","MO","college_some","incH_100to150","2","1","month_2-3","month_2-3","takeout","610083e237911150228b94d1",""
"kAu3hgHK9kECJI2dFtgW6f0I7wgMfQ12IDjEF5ZC60HtmQ_2rAL6AkaB0eIgUP8E","2021-11-26 19:06:42","2021-11-26 19:08:22","2021-11-26 19:08:22","","1995","woman","white, native","","OK","vocational","incC_15to25","2","1","month_2-3","everyday","boxstores","158F6DF0",""
"wASiA7r-9lDoOxq4-wWSVGNaDD3LitoqjxOWf__S9jRY2aVCIH-McyAtUWkuojyK","2021-11-26 19:07:04","2021-11-26 19:08:55","2021-11-26 19:08:55","","2002","woman","white","","NY","college_some","incE_35to50","4","1","week_2-5","week_2-5","","60fdfadc13c2f4acf5be1e1c",""
"7W36Xv6Zl_Ctvvd25uR2QHtSaYkf37fWQKHyaZmcZOqF28A1IXkQpY7enx1MQFgi","2021-11-26 19:07:34","2021-11-26 19:09:12","2021-11-26 19:09:12","","1996","woman","hispanic","","","degree_bs","incF_50to75","5","5","week_2-5","month_2-3","boxstores, foodmarket","60fd12b459a8dcda3d177cdd",""
"rm4L22nqWddgf1qG_qcxGKgznDdWCkIHf8DTBWqqe7o6IB3-n_48jI8VcIVGDSwy","2021-11-26 19:07:56","2021-11-26 19:09:08","2021-11-26 19:09:08","","1993","woman","black","","NJ","degree_grad","incI_150to200","2","","week_1","week_2-5","takeout","5e7d0a80f0a5a00ca02490e1","Thank you- I really enjoyed the video!"
"xdKkinzGq3l-k_TSgdOEJImrj_IMFrvg3aX6kG9f0HQjMEvaHDkj6qYMZjmIbqn5","2021-11-26 19:08:44","2021-11-26 19:09:26","2021-11-26 19:09:26","","1997","woman","white","","MA","degree_bs","incG_75to100","3","","month_2-3","month_2-3","boxstores, foodmarket","60fe144e2343f4683d037e1f",""
"GtqnuFnjKgxSPAuH_IogJ6LoexnY45stU28eCFGe15EqtbLDp0-RRf-_GMiy5vrr","2021-11-26 19:09:12","2021-11-26 19:10:19","2021-11-26 19:10:19","","1986","man","black","","LA","hs","incE_35to50","1","","month_2-3","month_2-3","boxstores, foodmarket","5bf311373a5bf00001401f64",""
"P_5l6XzxzYUzIs5jN_OAzlcdGy2A9N8UtPwANT4XImaog4Y8Jz6zcHvLyqAVHtXi","2021-11-26 19:09:51","2021-11-26 19:11:24","2021-11-26 19:11:24","","2003","woman","white","","NY","hs","incH_100to150","3","","month_2-3","week_1","online","616340cf526367aab4665082",""
"rpZg9LUYfibCJvw_nfQItC4s_8-sO4JuX4usfLqLvEQ9qIMB5SkNsQwRD0B4MvzE","2021-11-26 19:12:13","2021-11-26 19:13:45","2021-11-26 19:13:45","","1984","woman","white","","WI","degree_bs","incF_50to75","1","","never","month_2-3","boxstores, foodmarket","60fcb00d25b5d052dd9e8d59",""
"c4hqHnhHpzb7IeTVcnIc578BdlnmCo0NGedaxUU63cCczR0UX-ry85tHpjZ7hLOZ","2021-11-26 19:12:18","2021-11-26 19:13:13","2021-11-26 19:13:13","","2000","woman","white","","OH","college_some","incC_15to25","4","","month_2-3","month_2-3","foodmarket","611aa89a8d790ef5a118c2a4",""
"XJHcEWFX7A80T04WNEnX5VPzsaCLHANCVF1-QeDG-HmewRx4KvQ5nuHzDXDj4Ppc","2021-11-26 19:12:21","2021-11-26 19:13:19","2021-11-26 19:13:19","","1987","woman","white","","NJ","degree_bs","incE_35to50","1","","month_2-3","month_2-3","boxstores, foodmarket, takeout","5ab56fdff69e940001d8da97",""
"WNMCZJGvilj0K_MHYkrd_9VZP-iZykKAQdjtJuq8QuAnN5bWvYetW0Z2Avvpi90h","2021-11-26 19:13:08","2021-11-26 19:14:31","2021-11-26 19:14:31","","1982","woman","white","","FL","hs","incE_35to50","2","3","month_2-3","month_2-3","boxstores, takeout","5c6ee20c0506a200015c4275",""
"CVpohnBNsTWnaQswGifCb-iXEGo7QvEurX8dH9gEvj2lVACMsM6CyUi4_PAibn8C","2021-11-26 19:16:09","2021-11-26 19:17:24","2021-11-26 19:17:24","","1997","woman","hispanic","","NY","degree_bs","incC_15to25","2","","month_2-3","month_2-3","takeout","613a51b0aeafc3796184cdbc",""
"119Hrw_o6YpdfUf_acA3BFaBEG7lnCcAnUeF5bNkhyMElc0XoylMspPZmSn0y65V","2021-11-26 19:16:44","2021-11-26 19:17:52","2021-11-26 19:17:52","","2001","woman","white","","GA","college_some","prefer_n_s","4","","month_2-3","week_1","boxstores, takeout","5f6cefecb8137d13565d8c33",""
"9i-vvjsG0fLG_usFFJ2E7R2sl0xHHcECnk2GkVW0QevRTCeSft-8Yth_g6OalM7K","2021-11-26 19:19:12","2021-11-26 19:20:18","","","1999","woman","white","","IL","hs","incA_0to10","3","1","week_2-5","week_1","boxstores, foodmarket, takeout","60ae6bbb754b0f72a48aa957",""
"zsZBSluOX59qS7Dx84xDaOZfbLDviSzQZMc7PezveLFKxnaRG5i5YPl4IypKvxea","2021-11-26 19:19:25","2021-11-26 19:21:12","2021-11-26 19:21:13","","1943","woman","white","","AZ","vocational","incA_0to10","","","everyday","everyday","boxstores","59f4b19405d1d60001f14289",""
"aSTE0DBEJoNfVMhX-oA9-4YqrxwOLRraZz67MpoH2z5yOsMZsneaAWE0DNWjnrjH","2021-11-26 19:19:50","2021-11-26 19:20:52","2021-11-26 19:20:52","","1998","woman","hispanic","","PA","college_some","incE_35to50","2","","month_2-3","month_2-3","foodmarket","61413c236b583e1165799d8e",""
"gv6zNukV2GUPgjw2b3mEGbcJU7kvQQ9hucvRYtQALj-A0wsThO6yIQrKwZvq7CPE","2021-11-26 19:21:19","2021-11-26 19:22:13","2021-11-26 19:22:13","","1992","man","hispanic","","CA","degree_bs","incG_75to100","5","","week_2-5","week_2-5","online, boxstores, foodmarket, takeout","5cb60f1eefd4130001bbfdb7","thanks homies"
"uEB-vM5iB_htOwfatRwuXVSWXnDzGYe7xPyZh8txf2NyIDjAP23UlWvmA8xAfzpq","2021-11-26 19:22:35","2021-11-26 19:24:19","2021-11-26 19:24:19","","1984","woman","white","","NV","degree_associate","incD_25to35","2","","month_2-3","month_2-3","boxstores, takeout","5cb568ebf0e31e0017d9bf32",""
"UdL7CK-Jrhka9sSdw4-dOgpfi0UiU6_0cs6Qj8UqQgpDu1oow7hgc-efL9rfGKi6","2021-11-26 19:22:49","2021-11-26 19:24:15","2021-11-26 19:24:15","","1966","woman","white","","VT","degree_bs","incF_50to75","1","","week_2-5","everyday","takeout","5be8846293ca1f00014db03c",""
"AvZOKdzqhxZR4Vh-oN4xKQ7U914XscdKk4H4Ycj5xmuevuyhToYJprcy4SW70EXx","2021-11-26 19:22:52","2021-11-26 19:23:57","2021-11-26 19:23:57","","2003","woman","black","","AL","hs","incC_15to25","2","","everyday","week_2-5","boxstores, foodmarket, takeout","607c4ce73743ee10f2b169c7",""
"V049fSc7BXBc3neyxTmPIrarnEpX7Hr59UBYHzSLbFPUoN_hibxKz9pridSivtSK","2021-11-26 19:23:46","2021-11-26 19:24:47","2021-11-26 19:24:48","","1991","woman","white, hispanic, pacific","","IL","degree_grad","incE_35to50","1","","never","never","boxstores","609550ebd2fd05085720eca0",""
"pJhCV5HC9pPK0MhSLjHFItx1l-8VD0RFIg4Ge8fcqKGShtwCZNg07HfZ7NLNjBk9","2021-11-26 19:24:56","2021-11-26 19:27:10","2021-11-26 19:27:10","","1994","woman","white","","WV","degree_bs","incB_10to15","1","","month_2-3","month_2-3","boxstores, foodmarket","61085d3e892e3a27b8142b12",""
"beZ7LxvwlVTDmGR2tUUvC6SA6ztlL8hcFHVkM4AGmho9a7_-JWJOmyZYmBZf1S-a","2021-11-26 19:25:09","2021-11-26 19:25:57","","","1996","woman","asian","","CA","degree_bs","incC_15to25","","","month_2-3","month_2-3","takeout","5f7012d59b7f225dc1ba2090",""
"jsr8aQ95Th4D_XMQwVacRWicP1JDgJB8XDMKYqf8tkdgXCuzXsbLAHeY_4LtZ0BI","2021-11-26 19:25:21","2021-11-26 19:26:29","2021-11-26 19:26:29","","1997","woman","white","","KS","degree_bs","incF_50to75","1","","week_1","week_1","takeout","6107880902ba359d3e8b499e",""
"0p-QvbjsbbWjlnrZ3qvvkuKH3c17BY0_axMymz2NyhDKNHiSWNgj-QIc-V3lRlPI","2021-11-26 19:25:32","2021-11-26 19:27:12","2021-11-26 19:27:12","","1979","woman","asian","","VA","degree_bs","incF_50to75","4","","week_1","week_2-5","boxstores","5d546feb05470f001b8d1436","Thank you, good survey!"
"lCjGRLienVeYyI9cqNP6iHBZEgJf0a4keVbGWB32jayBk5tGASOhiOaHPZnRqQDk","2021-11-26 19:26:03","2021-11-26 19:27:05","2021-11-26 19:27:05","","1996","other","white","","PA","degree_bs","incD_25to35","2","","month_2-3","month_2-3","foodmarket, takeout","615de6dd9ffc5caa6b1e495a",""
"212oa9YAAIvN_JirMF5foLqFxgwGm-89vGUuz9UgZzaAcDrWixqEaPfuGCD42nku","2021-11-26 19:26:51","2021-11-26 19:27:45","2021-11-26 19:27:45","","1989","woman","white","","NY","college_some","incC_15to25","1","2","month_2-3","week_2-5","online, boxstores, takeout","5c745589be30fc0014e83dc2",""
"OPuXEmli-pUz42VIPM2a58ekz2kBxb39msJBbUSp9EHEenzYmUD9Po_wYAmJ4495","2021-11-26 19:29:41","2021-11-26 19:31:25","2021-11-26 19:31:25","","1995","woman","asian, white","","CA","degree_bs","incF_50to75","","","week_2-5","week_1","takeout","6100a1e7095b4ef691794fe5",""
"mw9pOomzqVfB4tEYsoAcNbJWly2jPJF2HlusCYCE-hAek3NUmGWcQWsTIyrLvEQP","2021-11-26 19:29:56","2021-11-26 19:31:11","2021-11-26 19:31:11","","1994","woman","white","","NY","degree_bs","incH_100to150","3","","month_2-3","month_2-3","online, boxstores, foodmarket","60fce8c611bfabca0a9a2564",""
"44dlRzbA06Up-Aag_nJBA3jyLxIBC5NDLNulPTNntMLWqVeZxbqzWQZ_pVegj8Oz","2021-11-26 19:30:07","2021-11-26 19:30:52","2021-11-26 19:30:52","","1993","woman","asian","","CA","degree_grad","incG_75to100","4","","week_1","week_1","takeout","5f1f7583475be91780efab28",""
"MXHPD9zSxg63W6ZOoNCMDbq35maYVlYzkflbcksZEV6XJTle_9xfmckW2uRHGART","2021-11-26 19:30:54","2021-11-26 19:32:55","2021-11-26 19:32:55","","1960","man","white","","FL","degree_bs","incF_50to75","3","1","never","never","takeout","58ae2c4ed6a2220001179f7c",""
"TtCsCuNBHhp6DTcuHCA2EV8IHSjA2zp9DVz3YsttLxj896FXndo4gdcR3AFe-JPs","2021-11-26 19:34:18","2021-11-26 19:35:18","2021-11-26 19:35:18","","1998","woman","white","","NC","degree_bs","incE_35to50","","","never","month_2-3","boxstores","6104675cc2ee17308b143bae",""
"wev-K3Pvb3mSF2gE4ZWMw3XjCZ33n-hRcjuJEK0eHVQpl5A4bFYWJ5r0MeRgUold","2021-11-26 19:35:16","2021-11-26 19:36:52","2021-11-26 19:36:52","","2000","woman","white","","MI","college_some","incH_100to150","3","","month_2-3","week_1","takeout","610ae262e634b705e8ef90cf",""
"nglZZfGEMScdv1ubJZbgnm1USPCcReVwUsBO17bkYHkkOfZJaejVIm8fJkJHOZSr","2021-11-26 19:35:46","2021-11-26 19:36:51","2021-11-26 19:36:51","","2002","woman","white","","FL","hs","incF_50to75","","","month_2-3","month_2-3","takeout","61018f595798ed7d1df1222b",""
"YmhqhY0XU8tgdHUVu2nGApgX5SnsuaT3J0u79IPTHAE1HgqUxaJmOG2bn947arsm","2021-11-26 19:36:29","2021-11-26 19:38:20","2021-11-26 19:38:20","","1998","woman","white","","ND","degree_associate","prefer_n_s","2","","month_2-3","month_2-3","takeout","6110986a1ec20c5055424af5","No feedback! "
"vW14HxvoUdHQboDmehgoC6yNMn5vgMvozyhzhVVNl8Eer6QUhDbwkdDoA4CBkA7u","2021-11-26 19:37:23","2021-11-26 19:38:57","2021-11-26 19:38:57","","1990","woman","white","","PA","degree_grad","incE_35to50","1","","month_2-3","week_1","takeout","60fee6b26d66c814c4f3a5b4",""
"VH7ifEGeIpWP0YyEejdascx1AslVtvYDWN2mBVJKZ-YGisgsQSl2zMn4YfTLcm4g","2021-11-26 19:37:56","2021-11-26 19:39:16","2021-11-26 19:39:16","","1999","woman","black","","NY","degree_bs","incE_35to50","6","","week_2-5","week_2-5","boxstores, foodmarket","60fee38d75af38e9216e8c62",""
"49mTh0Q9X25BnglNYQyQtuJvshlx24BpZek_qfKJ4it0nWZvYiJHyRxNzgo5b3Nf","2021-11-26 19:38:52","2021-11-26 19:40:41","2021-11-26 19:40:41","","1998","woman","","Middle Eastern","MI","degree_bs","incH_100to150","8","1","month_2-3","never","boxstores","60ff0b57292f57c9d3829afd",""
"Sxp_WiqxUjMuEa6eVpJ15wTQEFfuUwLKxq8I3UYWphPjVDSSCRHXblNWnimWKWHV","2021-11-26 19:39:48","2021-11-26 19:41:09","2021-11-26 19:41:09","","1996","woman","black, white","","CO","degree_bs","incD_25to35","2","","month_2-3","month_2-3","foodmarket","614657017b7bf1bf52991dbf",""
"yFz48vpr4YYErMX6zSlcIqg_R9N9jqQDl_Wif9Pdc_iFfvmDGbQaEygCcCNfWJJV","2021-11-26 19:40:53","2021-11-26 19:43:34","2021-11-26 19:43:34","","1982","woman","white","","TX","degree_grad","incF_50to75","2","","month_2-3","never","foodmarket, takeout","61659f4f2aa87323dccda732","Just a note that your options for how often you use cutlery don't match in the 2 questions (at the beginning screening and at the end). At the beginning, I could choose once a month, which was no longer an option on the last page."
"1X9pf6CTxKdUyRZRte6hXAAVv439HstKv7RfmNINZn4-vJWlQ3-6hBm1bPURRZ_j","2021-11-26 19:41:21","2021-11-26 19:42:21","2021-11-26 19:42:21","","1993","woman","white","","MD","degree_bs","incF_50to75","1","","month_2-3","month_2-3","boxstores","5fb2c8cedea90c95b01736da",""
"_Vd3Tp3Zdcvk_DY4l-DZDMVEgGuE8ChuhcAiGj6luhFWHtp_uC7V8qk0aHSH7mJN","2021-11-26 19:41:21","2021-11-26 19:42:58","2021-11-26 19:42:58","","1994","woman","white","","FL","degree_bs","incG_75to100","4","","month_2-3","week_2-5","boxstores, foodmarket, takeout","6108195e1c9970be0d3b3874",""
"hHIAEpAWCUC1y430SULBOJ_jYbF4lvAKPRuBte1M2rEjNg-e3wSDRm-jW-uH9PlX","2021-11-26 19:41:47","2021-11-26 19:43:38","2021-11-26 19:43:38","","1981","woman","white","","TX","college_some","incG_75to100","3","1","month_2-3","everyday","boxstores","611186072685e19bb881dc68",""
"F-m_GWNBwXt5f8GYLYq-gpgVSH1FP7Pg8KvTWJAwW7RFs0z6VJzBYmz9-9TtUdf4","2021-11-26 19:42:15","2021-11-26 19:43:47","2021-11-26 19:43:47","","1968","woman","white","","WA","degree_grad","incD_25to35","1","","month_2-3","month_2-3","foodmarket","5cb4c5bad44c410017960aa0",""
"KXaBr3L1sYx7jdGdF3mhGcpC0_413NBRAeeP6zhHWV5oGYGWqsPO_VMpUAmECtkd","2021-11-26 19:42:40","2021-11-26 19:44:04","2021-11-26 19:44:04","","1997","woman","white","","OH","hs","incE_35to50","2","","week_1","week_1","takeout","60fda89974295b41057b6778",""
"6c-0UpJ6lzpQvVCpdILMlSrykV3DPSkT8GKv3znNDbV1-ZC-3hukcAON3kgLDMG3","2021-11-26 19:42:43","2021-11-26 19:43:37","2021-11-26 19:43:37","","1995","woman","white","","FL","degree_bs","incE_35to50","2","","month_2-3","month_2-3","takeout","61087b35fb326cf69c073aff",""
"4q59gTrpku7hUk9OQA_tI865-AO_YPYHQHYJDEdgy4WJVqaOn4L-uU90NGTBwENC","2021-11-26 19:42:47","2021-11-26 19:44:32","2021-11-26 19:44:32","","1980","woman","white","","VA","degree_bs","incF_50to75","2","","month_2-3","month_2-3","foodmarket","6159d4026fd4e22c9f1179c1",""
"aiAXI-_2YIk4te43KyBbjJYpMlf8n7X4Q6Xw_wcjMg4eGcu1icBylndLqBLM-cJz","2021-11-26 19:42:52","2021-11-26 19:45:22","2021-11-26 19:45:22","","1998","woman","white","","PA","degree_bs","incF_50to75","2","","week_2-5","week_1","foodmarket, takeout","606a4e5bdd2653423459653a",""
"r6MInUrdMYLWX4Kbnr0UJYNOjWBLK4pi9ne2bNv59rbxWIzGXlxqEOnwPj71Oi01","2021-11-26 19:42:57","2021-11-26 19:44:19","2021-11-26 19:44:19","","1974","man","white","","IL","hs","incD_25to35","2","","everyday","everyday","online","5588b9e5fdf99b7f40e7f428",""
"RZsaWx9tSbVZU6R27QIBcjOC-utU2sJQosHZ5ULOz7IpcP-qlqRHT60o4ZfYmK4P","2021-11-26 19:43:26","2021-11-26 19:45:25","2021-11-26 19:45:25","","1979","woman","white","","MS","college_some","incB_10to15","1","","month_2-3","month_2-3","takeout","61269b5e6112ad701857d46d",""
"srnK6IYBFnExoVR8hhAgxFtUCGRhIvnCkoLw6HFqaknlBOizUEhFSXJDGEdDk-_l","2021-11-26 19:43:52","2021-11-26 19:44:53","2021-11-26 19:44:53","","1982","woman","white","","FL","degree_bs","incE_35to50","","","month_2-3","month_2-3","takeout","6053d496c98d5c302ec2e31d",""
"crZ_ltCw1k1T3l9W3t9BCaLX3Hq5jB6zYmzeY7X__GXR7qJAg6eyK7gitCV88gct","2021-11-26 19:43:53","2021-11-26 19:45:34","2021-11-26 19:45:34","","1972","woman","white","","CA","degree_grad","incH_100to150","4","","month_2-3","week_1","takeout","6142956741a96afc95ffffd7",""
"FVX0Q4QyidaJSrDcqm3_6AC3LbOj0CIM0kLCSpO0Ecci0osl58K1oRmFMI1mUHXQ","2021-11-26 19:43:55","2021-11-26 19:45:24","2021-11-26 19:45:24","","1990","woman","prefer_n_s","","SC","degree_bs","incF_50to75","2","","never","month_2-3","takeout","5c037f464c14cf00019d379f",""
"DtzEnR9sTI2K5xOF5YvijczQqergNqMhNFVuwAq5aWiPnN3Hi8mErz0td1F4olaR","2021-11-26 19:44:08","2021-11-26 19:45:09","","","1997","woman","white","","TX","degree_bs","incC_15to25","3","","week_2-5","week_2-5","online, takeout","60fe1423d21b18975b08d502",""
"E-hMx6foZxuz_2_ZDfDvznOZ27Jwpjsp6yWbBg6LXqGBAT7MXL07D9Djo53qSSkP","2021-11-26 19:44:16","2021-11-26 19:45:14","2021-11-26 19:45:15","","1997","man","white","","NY","degree_bs","incH_100to150","1","","week_2-5","everyday","takeout","5f4b58fe934d640114964f93",""
"GC-KahWQ4uZTHeMvM6SXUo9cnd2sdtUQHHzwHxLvTTNXYtIVLe1kpueRtX9aahyz","2021-11-26 19:44:24","2021-11-26 19:46:32","2021-11-26 19:46:32","","1973","woman","white","","MO","degree_bs","incG_75to100","3","4","never","month_2-3","online, boxstores","5e7a2ccd69a7770604dfb352","We are willing to pay more in our household for eco0-friendly products. Prior to the pandemic we avoided single-use utensils but since then we have purchased some as an emergency and infrequent items."
"WFRz42RXgcjBq7sF-L076eP5sHWsRDoqbQbDca5RFgFqVRErvJg0ygkau0CE1HVW","2021-11-26 19:44:28","2021-11-26 19:45:44","2021-11-26 19:45:44","","2003","woman","white","","FL","hs","prefer_n_s","3","","month_2-3","month_2-3","foodmarket, takeout","610180d0c7f903ecdc14518e",""
"fKxpCveDOi1KqKV2PZrMr-ZbBmWGnmyMCdFOUdSlN2kOZmZZHP6tq0Ot7QQl7OnI","2021-11-26 19:44:29","2021-11-26 19:45:54","2021-11-26 19:45:54","","1982","woman","white","","NV","vocational","incG_75to100","2","3","week_1","month_2-3","boxstores, foodmarket, takeout","61086f7fa61a5cf15d5079e6",""
"_OEGVXZpNrQ3mo9EKASRajPYaTQeSJOaJtz3lfdDeNCz8TF7HSrrFhkVq7k8KDO5","2021-11-26 19:44:40","2021-11-26 19:45:53","2021-11-26 19:45:53","","1987","woman","white","","OR","college_some","incG_75to100","2","","month_2-3","never","takeout","60fd01cc86bb3e402db85e93",""
"yFGrnbv5jJ6zRvrUmZf7njlcQeVCWCJafTvRJdmkEM1brzm8-efYx9EQxO-eLrTQ","2021-11-26 19:44:42","2021-11-26 19:47:33","2021-11-26 19:47:33","","1979","woman","black","","MA","degree_bs","incG_75to100","2","3","month_2-3","month_2-3","boxstores","55b1add5fdf99b6731f04c5a",""
"NnqnXc1jLS5z0pSm1Ae7QBC19Z_B4IcjR8pmjLHyYuwU4_Mn_D-p-uLk9oYSskBI","2021-11-26 19:44:54","2021-11-26 19:46:00","2021-11-26 19:46:00","","1985","woman","white","","MA","degree_grad","incH_100to150","2","","month_2-3","month_2-3","takeout","611adfca9a449cd8843049af",""
"iaodhTsqYnU0ldZg3RMunHvIw6kJbuu50njinTtyxYERbTYxdohIUHk1DLP7nYg6","2021-11-26 19:45:03","2021-11-26 19:46:13","2021-11-26 19:46:13","","1997","woman","white","","IN","college_some","incD_25to35","5","","month_2-3","week_2-5","boxstores, foodmarket, takeout","608646dfc9e252068db3f6b1",""
"XxQdKB7YXds60zorT81BeooOKe6oqdjqyHXums2b13PPCKWuWmP-sd8pTUpZKDSt","2021-11-26 19:45:12","2021-11-26 19:46:44","2021-11-26 19:46:44","","1998","other","white, native","","OK","college_some","incC_15to25","2","","month_2-3","never","","5d510396f6725b001a4fc025",""
"P32x7j0H_lsjKbTQKc4FYwsII19hlYOtQs94AfBHetwquSlyV2QA_av5SJlj3ARO","2021-11-26 19:45:14","2021-11-26 19:46:24","2021-11-26 19:46:24","","1997","woman","white","","MI","degree_bs","incG_75to100","7","2","month_2-3","month_2-3","boxstores, takeout","60fccee96a80584be76a928c",""
"OByuW8PuUj-0FaHob8C0-Ot1MtLh6qWuFRbYGDrlWxejUlf0_VQUWTAaHs4TLpV-","2021-11-26 19:45:15","2021-11-26 19:46:46","2021-11-26 19:46:46","","2002","woman","hispanic","","FL","college_some","prefer_n_s","3","2","month_2-3","week_1","foodmarket, takeout","60fc4081d5115b50b8ac640f",""
"Oz0oo7cJ69omh1DkzOY_wdaKZaCQO_2hJB7Tkn-lcS40O_pYwx-j5fFAjpkZEx9Y","2021-11-26 19:45:27","2021-11-26 19:47:13","2021-11-26 19:47:13","","1994","woman","white","","VA","college_some","incG_75to100","4","","month_2-3","everyday","takeout","6153b8fd26f1f8772f9a05da",""
"l7wtElmYyERGUNFmGvJv6IqfBaYetF_dIVuH3dLzC00rRhAZih_dynTwU86Up2sE","2021-11-26 19:45:44","2021-11-26 19:46:56","2021-11-26 19:46:56","","1991","woman","white","","TN","degree_grad","incF_50to75","3","","week_1","week_1","takeout","6110f937fe9aa8644e1ac2c4",""
"WCUtKQNQ_a4syxPH89sd5jnPxWf1Bo4vh7VFvl67O7kbgCaqMLBn1LU0WwguOyP2","2021-11-26 19:45:44","2021-11-26 19:46:49","2021-11-26 19:46:49","","2000","woman","asian, white","","OH","hs","incF_50to75","4","","month_2-3","week_1","boxstores, foodmarket","5f5ce2af3329104f89c492a9",""
"uP9VcBXX_8VpAE9Tjg77ssirFrCsKgXFUv_kjNu7qq9L9_oNDgX5-s_39A7HWESF","2021-11-26 19:45:45","2021-11-26 19:47:24","2021-11-26 19:47:24","","1975","woman","white","","OR","degree_bs","incF_50to75","2","","everyday","everyday","foodmarket","5de1ac810f8b6721970ab78a",""
"vlvS6GVsdiDb3_u1LVZx9NK69r3_m_1bvTmVeeVWqhgs1U7OMLAJGMKb4Jq3DmGf","2021-11-26 19:45:48","2021-11-26 19:46:59","2021-11-26 19:47:00","","1991","woman","white","","OR","college_some","incE_35to50","3","","week_1","month_2-3","takeout","61108d7d544f5735c749e50f",""
"ae7Ymgrpx2WMivcOECVa9xpYWcdORITmsuutYxD4-EclQdzbc56erI5pP2lUHwd2","2021-11-26 19:45:56","2021-11-26 19:46:46","2021-11-26 19:46:46","","1998","woman","white, prefer_n_s","","OH","degree_bs","incG_75to100","2","","month_2-3","week_2-5","takeout","5e0e66730db8925a55fffbd5",""
"qLdUb-aqgyZfVNMABz_z4XS6jwpV4ie80fqecxZ6t-Cv_WKisG7avdDP7t3Zeq04","2021-11-26 19:46:23","2021-11-26 19:47:58","2021-11-26 19:47:58","","1970","woman","white","","SC","college_some","incH_100to150","3","","month_2-3","month_2-3","online","60a3051c6da1ba39a936496f",""
"11kJrXMs73N6VEbCAarPrMMVJ7TnB_pv4jD2fpUvofggKAUep6DDroXeqFPtFy1R","2021-11-26 19:46:36","2021-11-26 19:48:04","2021-11-26 19:48:04","","1991","woman","white","","SC","degree_associate","incF_50to75","2","3","month_2-3","week_2-5","boxstores, foodmarket","5f2058f49ba2a80e803b2614",""
"0NRX7Ls7c4u8toSWi0ivOvbzFW77zYI0yvoZvhUrT7C6JP_ChiwhE6xzkwUBq7rV","2021-11-26 19:46:42","2021-11-26 19:48:02","2021-11-26 19:48:02","","1989","woman","white","","WA","college_some","incD_25to35","3","2","never","never","boxstores","5f13b237c08bc13e4ef2e760",""
"qsAzDv1PlkmKkTLl-BUlZkNwgCGkTJMTxZF3AHHGllFopn7e3YFm_Q2ZYXNGJaKR","2021-11-26 19:46:45","2021-11-26 19:48:17","2021-11-26 19:48:17","","2000","woman","white","","OR","hs","incG_75to100","4","","never","month_2-3","boxstores","609ac91811a2c4012f4f4f11",""
"fHkzEyvtVDTviuYFI2Zfgz-JySm-Z9BLYGu5nhQWO3z-MPqvJKsB0JOTVrxY_Evx","2021-11-26 19:46:55","2021-11-26 19:47:37","2021-11-26 19:47:37","","1997","man","asian","","CA","degree_bs","prefer_n_s","1","","month_2-3","never","boxstores, foodmarket, takeout","6164edb74198a072bd18dea3",""
"JMf5lg-eokEu1nW50qpmcmDiVtcaGcEihT9QrDDPpow25XTIpi6NDqwaDR8icYdc","2021-11-26 19:46:55","2021-11-26 19:48:09","2021-11-26 19:48:09","","1996","woman","hispanic","","TX","degree_bs","incE_35to50","3","","month_2-3","week_1","boxstores, takeout","61254a80b7f18e9cdc8df719",""
"WzTrbrlUf-RuDIKXSqp9ew_uCOzhlCmCsfXCkM-HyPGNJ0e3G3X8zDtOIEJb4-e8","2021-11-26 19:47:13","2021-11-26 19:48:12","2021-11-26 19:48:12","","1989","woman","white","","VA","degree_grad","incF_50to75","2","2","month_2-3","month_2-3","boxstores","60fccd4c1db45fe7be035e56",""
"_xS5X77rwHa61EiIUVVAHGpjfeu2_9wfc9tWK388SBgAsClq-URhabfpeHqKoM8T","2021-11-26 19:47:23","2021-11-26 19:49:39","2021-11-26 19:49:39","","1998","woman","white","","OK","degree_bs","incD_25to35","3","","never","week_1","foodmarket","610aefc141c6a35dd05bb40f",""
"_htGin2jUrkbfw2uh22fVNpSPcMbJzamVWxXPSbPsgoyRWkt33TNTNtCiuwskZ_e","2021-11-26 19:47:41","2021-11-26 19:49:32","2021-11-26 19:49:32","","1974","woman","white","","SC","college_some","incE_35to50","2","1","month_2-3","week_2-5","boxstores, takeout","5cd1a619240bc80013310b4e",""
"-Intb1O-fQ7aOw2aYaHUefDaLZ10tWgI22W2Fo3iN5yEbA6xaTZ52tHqplc_GSX8","2021-11-26 19:48:38","2021-11-26 19:49:31","2021-11-26 19:49:31","","1992","man","white","","MO","degree_bs","incE_35to50","1","","everyday","everyday","online, boxstores, takeout","61502f4029bebb130459f0ff",""
"ZH51pwltz5GMNneRpkGDJaEQJk0CWmqIWed-QA5uILyaFsbrcaBxr7bxwwZwVJq4","2021-11-26 19:48:39","2021-11-26 19:50:32","2021-11-26 19:50:32","","1975","woman","white","","MO","degree_grad","incI_150to200","2","","month_2-3","month_2-3","foodmarket","610028c87b46955290bc200f",""
"Arx7UmSrXWQRqQBsM4HBVPhdxWSb4DlXqesG0msYdrhXZud7yTg9XTrTl_vcxKzN","2021-11-26 19:48:45","2021-11-26 19:50:27","2021-11-26 19:50:27","","1951","man","white","","WI","college_some","incE_35to50","2","","month_2-3","week_2-5","boxstores","614f911f1f977faae059e7be",""
"R_iBS5uVNHHDnb9VFIO44o1L3yivUw2Z4sGusnk5bdhiccOuV3u99vT3c92q-yct","2021-11-26 19:48:59","2021-11-26 19:50:14","2021-11-26 19:50:14","","1980","woman","white","","MA","degree_bs","incF_50to75","2","","month_2-3","month_2-3","foodmarket, takeout","60805973b343054738e6bf29",""
"w0DEmSjWbKs0eRp5Bi1s-q767BrE-OtdnBi607_J4b3rf_7s3a8p_laXDYnpdjuG","2021-11-26 19:49:03","2021-11-26 19:51:22","2021-11-26 19:51:22","","1966","woman","","","IL","degree_associate","incF_50to75","2","","week_1","month_2-3","foodmarket, takeout","5ee2e7bf21501a83d55642cd","That was a very thought provocating video and very motivating. It should be seen by everyone the world over."
"aCJpwwehoVVkNtreMjY-hSFgobXdADhhy2k20iut6AQWrl3mttpPa-OPIBkF_36e","2021-11-26 19:49:09","2021-11-26 19:50:34","2021-11-26 19:50:34","","2000","man","black","","CA","college_some","incF_50to75","4","","month_2-3","month_2-3","boxstores, foodmarket, takeout","5bf28a086d4c3e00014410f7",""
"EN-a4R59WDz-6bAEho3PkVNJ2LWp0x8YECNx0v1WW_CFGD3UuB9aynA4x_q1mKvl","2021-11-26 19:49:28","2021-11-26 19:50:44","2021-11-26 19:50:44","","1987","woman","white","","TX","degree_bs","incC_15to25","1","","month_2-3","month_2-3","foodmarket","5a792c898fe2dc0001058c3b",""
"mO8ev5UK96r3NkPsupWAx5SS7Z4A9akT8cEsjqJ9ONrH1tRh-vbpL_ei6-3z1aep","2021-11-26 19:49:45","2021-11-26 19:51:06","2021-11-26 19:51:06","","2001","woman","white","","TX","college_some","incH_100to150","4","2","everyday","everyday","boxstores","6102050090041d90dc5413f3",""
"FpKMtY1KNDG7YSHdvyHfNgZ2JdvA4wldB5WON1WpMUoymE270j-pDvHlFA4V6iIn","2021-11-26 19:49:50","2021-11-26 19:51:06","2021-11-26 19:51:06","","1984","woman","asian","","CA","degree_bs","incA_0to10","","","week_2-5","week_1","","60d92cfee5b6ee10a6f9ea7e",""
"JbnLbnuJQRNNGK0UHZxOwRJdofhqPoqoQ0qbXPIIQhyLy-Ew1Y8sI1yR8mbNToOJ","2021-11-26 19:50:07","2021-11-26 19:55:08","2021-11-26 19:55:08","","1993","man","white","","GA","hs","incC_15to25","4","2","week_2-5","week_1","boxstores","611c3a95571912992fae32cf",""
"uFUqmqVIDxEm8XQfpa-nWCr4xM4Nhxdrj7f7utFCI4pd9IKBg6L_G1ETb6FEQ4t8","2021-11-26 19:50:51","2021-11-26 19:53:39","2021-11-26 19:53:39","","1951","woman","white","","ID","college_some","incD_25to35","1","","week_1","week_2-5","takeout","6100a281782ca857e97f7a1f",""
"UNyAIp0HGKb9hSg711MHXwDC-oPnI3BLW4aRAKWZzsXJXX3Ml3TaExTBL6tEj-uv","2021-11-26 19:50:54","2021-11-26 19:52:02","2021-11-26 19:52:02","","1992","woman","white","","MT","college_some","incB_10to15","2","1","week_1","week_1","foodmarket","60fce82dcee3e00efd24aa4c",""
"bipIG1wthDuTrFKiHosv4kX4fTJNTUuep-gXbgWVNRtih0xSTpC4kQBj5c_SILaY","2021-11-26 19:52:08","2021-11-26 19:53:26","2021-11-26 19:53:26","","1971","woman","white","","NC","hs","incH_100to150","2","2","week_2-5","week_2-5","online, boxstores","58595b56a3149800011e156e",""
"K26M8dWiI_rmw8PaxILxEpBr7Uwk4EvqkYMxHcBs7fUsRxqQeLYj7K5JQArtAiEA","2021-11-26 19:53:50","2021-11-26 19:55:29","2021-11-26 19:55:29","","1985","woman","white","","OH","hs","incF_50to75","4","1","week_1","week_1","foodmarket","5f4c1c6ef1863a82f7339d62","My answers may have seemed up and down but a lot of answers for me was driven by price."
"lUQ2qP8zB__JjR8WTebuEhUMNxdFXsekN1c3MDNwJ6nVwhBb-M59KeD-wogIsFLL","2021-11-26 19:55:45","2021-11-26 19:56:52","2021-11-26 19:56:52","","1981","man","native","","CO","degree_bs","incI_150to200","2","","week_2-5","month_2-3","foodmarket, takeout","614e672cc1af1ea55e9cd6b9","Please consider a trigger warning for images of dead animals."
"KGJoasl6VtBqthJgzGZ51uwp6cVl4LUpxpTlnD18eO_Sn1-Nskkj_oAq8k2u35-8","2021-11-26 19:55:50","2021-11-26 19:56:30","2021-11-26 19:56:30","","1999","man","white","","PA","degree_bs","incG_75to100","4","","everyday","everyday","foodmarket","61119e3139b8346b3ef32bf0",""
"TBbeJ6jq_5lVrM5xAOgNq-CLHYoUJmeIrnzz_g-b4PA6HukIMLxXHQ2cCJgbpa5w","2021-11-26 19:56:23","2021-11-26 19:57:47","2021-11-26 19:57:47","","1985","man","hispanic","","CA","degree_bs","incD_25to35","1","","month_2-3","week_1","online","5e20a27f25a4d03b9ee10bc6",""
"RlpGRQPLCgFPQp89T7Dfz_1MRYqhNVorzF4Iz8AFMh1r32q58C4RqnhDNVFi8ZeD","2021-11-26 19:58:01","2021-11-26 20:05:34","2021-11-26 20:05:34","","1993","woman","prefer_n_s","","CA","degree_bs","incG_75to100","3","","week_1","month_2-3","boxstores","5f7d4a2c5db79d21c7d07240",""
"o3oRskVnN1BQxq-QrjM4_d7FJlurAsflw4ucHPPjU-i46UO2BjZskitJ3s0tZOrC","2021-11-26 19:58:48","2021-11-26 19:59:33","","","1997","man","asian, black","","FL","degree_bs","incB_10to15","3","","month_2-3","month_2-3","boxstores, foodmarket","60d3f9b634e76f8f4b911ad6",""
"HmMTULg7Fb2auX6fn5AfuTZMkJLEljjQmPhtuc8uLgXoIdK1_gpmapVLadelUOr4","2021-11-26 19:59:18","2021-11-26 19:59:56","2021-11-26 19:59:56","","1987","man","asian","","PA","degree_bs","incG_75to100","4","","month_2-3","month_2-3","boxstores, foodmarket","566a19b57da035000fb39b89",""
"dhlNF_qKSuQ_hYPE8eNZeG2es3CyInyK0Luv3uyXzPDjPnRY56BHcDRY0EX_NVit","2021-11-26 19:59:42","2021-11-26 20:00:28","2021-11-26 20:00:28","","1994","man","white","","MA","degree_grad","incH_100to150","2","","month_2-3","month_2-3","foodmarket","5987d551c01c89000185c759",""
"Bo-8AUZmIISCMon4Vac70Cavfb5W4APv3G1OcmAqnYabxCYLtRcQjqf3dfi_uOyj","2021-11-26 20:00:08","2021-11-26 20:01:34","","","1975","man","black","","NC","college_some","incE_35to50","","","month_2-3","week_1","","60d105cd7e245d9c98c756ab",""
"gN3-TNSbZtZVpHLJGbEmuEomUNuswDxTfSJ3HT3iIwZQPvmR79C3VL85t33xMnic","2021-11-26 20:00:22","2021-11-26 20:01:23","2021-11-26 20:01:24","","1991","woman","white","","VA","degree_bs","incF_50to75","2","2","month_2-3","month_2-3","boxstores, foodmarket, takeout","5deaac8dff7f711d9032fa94",""
"xlTH_Dtx24aJZGSonQBsO6H4APw277bb8dHrHqOE2jjCNF76syHz2TrfBZQY4L88","2021-11-26 20:02:05","2021-11-26 20:02:56","","","1995","man","black","","FL","degree_associate","incE_35to50","2","","week_2-5","week_2-5","boxstores, foodmarket","6103e983e196b9b875603a36",""
"GPsNiLyJYyNsUUwqe72rl1fpYjoFamn5WLKo5qSQPcut5zEbduVaZFNjQKm2a10a","2021-11-26 20:02:14","2021-11-26 20:03:16","2021-11-26 20:03:16","","1982","man","asian","","CA","college_some","incA_0to10","","","week_1","week_1","takeout","5faeae52da433e0b7fc4b693",""
"ZzdY_ns6-cM6fjjkxirln3A3SHN8ECYmmYvf9iHlBmXQ2ISIaYG905Um_uAE7_N6","2021-11-26 20:02:15","2021-11-26 20:03:15","2021-11-26 20:03:15","","1989","man","white","","AZ","vocational","incA_0to10","","","week_1","week_1","boxstores, foodmarket, takeout","583492b3ef3ec1000175ee76",""
"-vQAtkPx-GpjJ-hRP1JMOhu64dRRqqCTTBevAhooOrS6lkmSBihq57v90RpEU8Wq","2021-11-26 20:03:22","2021-11-26 20:04:24","2021-11-26 20:04:24","","1996","man","white","","DC","degree_bs","incG_75to100","1","","month_2-3","month_2-3","takeout","5947f37ff154200001b51473",""
"5V6PS8JojaJVRvnBKPn3OsdyPJJLNOzLY_U5oe36cycaoxGXzTHJi8w8cLJcbG3x","2021-11-26 20:03:51","2021-11-26 20:04:41","2021-11-26 20:04:41","","1998","man","asian","","HI","degree_bs","incH_100to150","","","week_1","week_1","foodmarket, takeout","5ef04fa79a475604dcd8c489",""
"VGCYCnQYqhuh7DimjSSXDZXrtnToUNNQXToJ-Kz8fQ9-mkrydJT8sB7nRHkmxyFm","2021-11-26 20:04:36","2021-11-26 20:07:49","2021-11-26 20:07:49","","1987","man","asian","","CA","degree_bs","incB_10to15","1","","week_2-5","week_2-5","online, boxstores, foodmarket, takeout","555985d9fdf99b49b4b2ee12","The pictures could be bigger. I had to open them in another tab to see them bigger. When I saw how flat the bamboo utensils were, I put them at the bottom of usability."
"JvzxlUd81aJ7XNuBpZ9jABZelslfcMbvumNE7kZ9GlAifo2UENAjRGKGP0Z_doS5","2021-11-26 20:04:50","2021-11-26 20:05:55","2021-11-26 20:05:55","","1999","man","asian","","IL","degree_grad","incC_15to25","","","week_2-5","week_2-5","boxstores","605016e91973527ef24aafc6",""
"tz9XYUK-LqNeLeS4Mvx5SVxD8yhp777DdP_guf8yb_cKaVHryusc8cfVr47SfS7N","2021-11-26 20:05:10","2021-11-26 20:06:04","2021-11-26 20:06:04","","1974","man","white","","NJ","degree_bs","incH_100to150","2","1","week_1","week_1","boxstores, takeout","5ff217e93986cc6725ec82fb",""
"PQ-GXLmNgS--ZvOUafHs9jQF1cJ5Qm7Jj7B8T24Mv4BZ4DPfVic-mgZySUdfy8FI","2021-11-26 20:07:01","2021-11-26 20:07:49","2021-11-26 20:07:49","","1984","man","white","","IL","hs","incB_10to15","2","1","week_1","week_1","online, boxstores, takeout","5b666901f7798c000182c01c",""
"--pEXe60KnIh64X-ajSwruzfwKbHFIp4Rd2_ZUca-yc4yo-2LzfRu9xpUxEEEQXB","2021-11-26 20:07:09","2021-11-26 20:08:56","2021-11-26 20:08:56","","1969","man","white","","NY","degree_bs","incE_35to50","1","","month_2-3","month_2-3","takeout","5ce83f6ffdd26c00193b9611",""
"yGJB2hFGgGPuFJcuoyRaRvzJ0-8dt8JFMmO6n_1jpU2CUCH353AMTT2xyBGfkiEF","2021-11-26 20:07:17","2021-11-26 20:08:15","2021-11-26 20:08:15","","1984","man","asian","","NY","degree_grad","incJ_200toInf","","","everyday","everyday","takeout","602038ed14595f63044cd96b",""
"P8cxuoWle0qL0qDjKLlwQpWaWfCKrqS9rnAOdsFRBRaqYq9SlXTFwd4GRnyO6J3x","2021-11-26 20:07:54","2021-11-26 20:08:56","2021-11-26 20:08:56","","1996","man","white","","FL","no_hs","incI_150to200","3","","everyday","everyday","boxstores, foodmarket","5be6e664d86075000145bf44",""
"8PehdHydQPXbGahOK9-nPbVB4UUkvM00OQg2apdqQcDplhtjGrK7uaSq2h71WvFo","2021-11-26 20:08:09","2021-11-26 20:09:22","2021-11-26 20:09:22","","2001","man","white","","OH","degree_bs","incG_75to100","3","","month_2-3","week_2-5","boxstores, foodmarket, takeout","615df54b6e2b2b2f76c4be9c",""
"Az6R_JZP-7fqndsRWKzHo9tHfNQnWxLMtaY0aFr2T2s3I1V8yYKaBRDPROB_MFrX","2021-11-26 20:08:42","2021-11-26 20:09:51","2021-11-26 20:09:51","","1990","man","white","","NY","degree_associate","incF_50to75","1","","month_2-3","month_2-3","boxstores, foodmarket","5fdbc08c51617702db63e681",""
"chAig5oq26WLmuTp9NSLQApAFMM_k8IpaijhuVriL-ahbezAme_80TOswLFJqo_t","2021-11-26 20:08:47","2021-11-26 20:11:09","2021-11-26 20:11:09","","1982","man","white","","FL","degree_bs","incH_100to150","2","2","week_1","week_2-5","boxstores, foodmarket, takeout","5c38f7ac7ba066000164fd1e",""
"wlcNYsk6eJ3muCL-_40uNMSOQiwr-RqmN59dZZBJELwVytXHJJCofWjyyn061JlP","2021-11-26 20:08:48","2021-11-26 20:09:39","2021-11-26 20:09:39","","1982","man","white","","GA","degree_bs","prefer_n_s","","","never","never","boxstores, foodmarket","5cb0affbd4a95c0015492ad9",""
"AQMutcFEfLcm8Sj0TxOMFmap2ZAojGAWkkj5ucn6JcalVgTTAmjn4kEgga4ynz3U","2021-11-26 20:08:50","2021-11-26 20:09:29","2021-11-26 20:09:29","","1989","man","white","","AR","degree_grad","incE_35to50","","","month_2-3","month_2-3","takeout","5f496b791798ec4d6340620d",""
"03S9UgPmuhI0dos54-yDT8oPj5kEDsBG3C4xQzXtr-G2GlOV64O7bAUs3G9unTqc","2021-11-26 20:08:59","2021-11-26 20:09:52","2021-11-26 20:09:52","","1990","man","asian","","TX","degree_bs","incE_35to50","1","","month_2-3","week_2-5","foodmarket, takeout","5d979a7705d4d60017b154c6",""
"Nawz9DYdR12mJVupARAhFS6v3ncgYqLXMNnH543LBP_yf6hEbkYuK2dPneB9Y9Gc","2021-11-26 20:09:06","2021-11-26 20:10:04","2021-11-26 20:10:04","","1986","man","white","","TN","degree_grad","incG_75to100","2","1","month_2-3","month_2-3","takeout","60edb36db1761c42b182fe49",""
"rNb1lpdjsKt6SOdssjjhU-XDeuJfqG4RNUhuyA_-8qepjQ7RjVOGj6bP7NoRNN8i","2021-11-26 20:09:18","2021-11-26 20:10:09","2021-11-26 20:10:09","","1992","man","white","","KY","degree_bs","incG_75to100","2","","week_1","week_1","boxstores, foodmarket","611195657110219178aa70e1",""
"HA2OPHmDBUbX8RH_4WHCKzay5sg0nPkeQTqb6p07aZmziaDm8ACqvUeFTmvIVV22","2021-11-26 20:09:28","2021-11-26 20:10:15","2021-11-26 20:10:15","","1997","man","white","","CA","degree_bs","incG_75to100","3","","month_2-3","month_2-3","takeout","60fd90ddaf032ebd58dcc159",""
"MVR-sP5oLkFE4riXhbyxoPunj8oJwulvuMUAaZkneuhM57qwbMkvCHFNfsobRAqm","2021-11-26 20:09:52","2021-11-26 20:11:01","2021-11-26 20:11:01","","1980","man","white","","OR","degree_grad","incI_150to200","2","3","never","never","takeout","614f82d16d008ebe864e1325",""
"CoIhgl56GcbKiZMjEbblCtbMtCqvV94ovMneMrZekiSUMZw_wHzztVHaqSA6Bjv3","2021-11-26 20:09:54","2021-11-26 20:10:40","2021-11-26 20:10:40","","2002","woman","black, hispanic, native","","NJ","hs","incF_50to75","","","never","never","online, foodmarket, takeout","6042316f0f49d106a74ef05b",""
"qg9iND4kV9WlWsf4VEbLkBYXPdOQ0raR52lajbUyB5-BnvzpzJ6gSVlsv_396wHG","2021-11-26 20:10:02","2021-11-26 20:11:40","2021-11-26 20:11:40","","1984","man","asian","","IL","degree_bs","incH_100to150","","","month_2-3","month_2-3","","5ee100c8ac33db0e30697284",""
"3uBl2uahi7zHi0HS2a9i09BqDbJKCmy-cDZdEg6WoDET71aYckJgbZtqWLZsYmn_","2021-11-26 20:10:49","2021-11-26 20:11:50","2021-11-26 20:11:50","","1968","man","hispanic","","","degree_grad","incI_150to200","2","2","week_2-5","week_2-5","foodmarket","5c2d426389f035000175d171",""
"pVnWQ1lwKQHRn9Aod48df3TRnSo3AtyZW-ot9ABoHgKJzxVcZIqq8T1s_gq2_tUZ","2021-11-26 20:11:31","2021-11-26 20:13:08","2021-11-26 20:13:08","","1988","man","white","","MN","college_some","incF_50to75","1","","month_2-3","week_2-5","online, boxstores, foodmarket, takeout","5da94e9971a51b0011316f65",""
"oehs48u6o4yb8mlJtPIOGNBO0nNqHuYnIt6Nv4BQUdABENh_Fqc0s_JKwYi6TeR_","2021-11-26 20:11:43","2021-11-26 20:13:01","2021-11-26 20:13:02","","1968","man","white","","NY","college_some","incF_50to75","2","","week_1","week_2-5","boxstores, takeout","5a6d3a19e6cc4a0001b6c47a","Thank you !"
"pQFk8bjwj3e8CNqCKD7xMol3qpgwy03SDiCeIik1LzTciN2u3N3an5ChPQQfcqsu","2021-11-26 20:12:03","2021-11-26 20:12:38","2021-11-26 20:12:38","","1989","man","white","","MO","degree_bs","incG_75to100","2","","month_2-3","month_2-3","boxstores, foodmarket","580ff8b4b2432b00013e28b5",""
"JUBlCAdrOk_2vfUYUSGk7F1n05PolHVT5afp6NSHnAMJuNmRSZpywp-d8DSn5qJr","2021-11-26 20:12:04","2021-11-26 20:13:47","2021-11-26 20:13:47","","1953","man","white","","NY","college_some","incF_50to75","3","1","month_2-3","month_2-3","online","5b233660648d5b0001b7de87","none"
"0EH6_Yhvp9ZONw-ZQw09yZafX9lLc8NyF7jxk33apOf5itxFYzNxl85zk2H4BFbB","2021-11-26 20:12:21","2021-11-26 20:13:37","2021-11-26 20:13:37","","1982","man","white","","CA","degree_bs","incG_75to100","3","","month_2-3","month_2-3","online, boxstores, takeout","5cc22481f6ef910019e5120f","Thank you for your research. "
"_O6X0uOV9fa5HfNoraPCdW9KP0DTSMFnglM5zGvTWdsJmGUFaJnLVmSEPy0tefcp","2021-11-26 20:13:01","2021-11-26 20:14:48","2021-11-26 20:14:48","","1995","man","white","","CA","degree_bs","incC_15to25","","","month_2-3","month_2-3","foodmarket","5dea794adf55eb196607c316","Thank you for the interesting study, perhaps you could also provide some more facts about bamboo implements as well."
"1d-9WPHhkWeRGlSj-XZQXqOqjnsmK8Jc4RwPytUusyqz83DOVA0WBcjWyhtnIdIm","2021-11-26 20:13:11","2021-11-26 20:14:07","2021-11-26 20:14:07","","1990","man","asian","","VA","degree_bs","incH_100to150","4","","week_2-5","month_2-3","takeout","57950da04a84da00014c5dbb",""
"-Aj_YSTCYMJF2jUH6pgCnE7rT1sV9c6gNEXby908QLRxCgsxmvSV1qNs6rHhD_-L","2021-11-26 20:13:48","2021-11-26 20:25:03","","","1987","man","white","","WA","degree_grad","incH_100to150","2","2","month_2-3","month_2-3","online, boxstores","5c47d714a8703f0001b6e780",""
"N03xwsn5t_sYM4XLkYON70Wtb4eW3PweWBHvDL1F6lMcQrasOnVGe-VOLHDplB6u","2021-11-26 20:13:53","2021-11-26 20:15:19","2021-11-26 20:15:19","","1991","man","white","","TN","degree_bs","incE_35to50","2","2","week_1","week_1","foodmarket","61292a3404d387db5b0b2a32",""
"6os_XLUGZmcLSIVCmfj4YGDHWCy_DSPPX1O-WsLh-Iv2M1wm_02liScniIAzrCgD","2021-11-26 20:13:56","2021-11-26 20:14:47","2021-11-26 20:14:47","","1997","man","white","","OH","degree_bs","incF_50to75","2","","month_2-3","month_2-3","takeout","6164f32a3728684416599526",""
"noDZJK9IvoSwIG5pdJa3WqiNcLL9fFGblUYdtd8jhM1We8_HrRFhuiLsbY7r28UR","2021-11-26 20:14:06","2021-11-26 20:15:34","2021-11-26 20:15:34","","1979","man","asian","","TX","degree_bs","incE_35to50","2","","month_2-3","month_2-3","boxstores, foodmarket, takeout","5ecc6ffce3ca77849333e83e",""
"HQPqjTq-kjMcPyKZlMEOprh4Bi1n23OUSyzx0oJP_0vKQ1_CFunrT4wEW0BZ6HiJ","2021-11-26 20:14:10","2021-11-26 20:15:15","2021-11-26 20:15:15","","1968","man","white","","VA","degree_grad","incI_150to200","2","","month_2-3","month_2-3","online","5a693e48c0d8360001082fda",""
"xAKWvLYVSpyEhPKVi5MzKOx_90quPajzozrCozezjyolRb3E9xRryHTz0bFbiVZO","2021-11-26 20:14:47","2021-11-26 20:17:05","2021-11-26 20:17:05","","1947","man","white","","CA","degree_bs","incI_150to200","2","","month_2-3","week_2-5","takeout","5f1b393d97ebc70d80a26748","actually wash and keep our disposable cutlery - i save it with our earhquake supplies (i live in CA"
"lQjLyuYzh5-0HndiM8aSjDJBzKNQNrziTuRs8YdO7pnn1xcCXKpq562eNuRKW6tF","2021-11-26 20:15:23","2021-11-26 20:17:17","2021-11-26 20:17:17","","1948","man","white","","TN","degree_grad","incH_100to150","2","","month_2-3","month_2-3","boxstores","615224b6fec95dfc43439c28","None"
"DsQT3ZjJb17jnvP_erPYo7F5ruXyVKEe2j4sQBu0C6SdFTKCKvPll4YF2oz5PGZH","2021-11-26 20:16:09","2021-11-26 20:17:39","2021-11-26 20:17:39","","1976","man","asian","","LA","degree_bs","incA_0to10","1","","month_2-3","month_2-3","boxstores","5924f4910a3e3e0001f1018e",""
"_hvgKXnD9XoOzNUGSV9RI5e9pkDTiScdSQzAFKdjGToaPBOvY5U0DYx95eFV9IAJ","2021-11-26 20:16:26","2021-11-26 20:16:54","","","prefer_n_s","prefer_n_s","prefer_n_s","","CA","prefer_n_s","prefer_n_s","","","week_1","week_1","takeout","5e5214e745774623bd28289f",""
"5Dju8AFJ1bhTKBDaFmBL5Y9AbBl7cWOWyTzEVGohz8iphroJtU4JTlfBIDGNDHbr","2021-11-26 20:16:49","2021-11-26 20:17:36","2021-11-26 20:17:36","","1997","woman","white","","CA","college_some","incE_35to50","2","","week_2-5","week_2-5","online, boxstores, foodmarket, takeout","5f48655c66186320c2077614",""
"JZtIWEzlU9qg929tYjnSWiA_vgYXsNOOyE8aPE_fZFFGBLNPrKbSLrB_QhUMAlH2","2021-11-26 20:17:43","2021-11-26 20:19:33","2021-11-26 20:19:33","","1984","man","asian","","GA","degree_grad","incG_75to100","","","week_2-5","month_2-3","boxstores","613a29d258cf9a2793d7aff5",""
"tfq0GGgOxMDh97k13HzxJpEsGmw2kel3oGnuQL3y2xGLp8xqgFF00Z6GDLuTkUDX","2021-11-26 20:17:47","2021-11-26 20:19:06","2021-11-26 20:19:06","","1964","man","white","","NY","degree_bs","incH_100to150","2","","week_2-5","month_2-3","foodmarket","5ea48ae3461d1044f2d282cc",""
"LBcnUTYGxD61k343Cx52Hw3NhuGuCP0fAfDHX_xBI-C7Fq6qXkx5pfxI2EU5as4f","2021-11-26 20:17:57","2021-11-26 20:19:47","2021-11-26 20:19:47","","1948","man","white","","FL","degree_bs","incH_100to150","2","","never","month_2-3","","614e65e5b06253c8e51df27c",""
"KhE7rNQXQywzqbOrO--O9iA0_yEOEYuYmaCJGhPFIrxZv5lVvPpKlYJx6eXbGug0","2021-11-26 20:18:06","2021-11-26 20:19:28","2021-11-26 20:19:28","","1984","man","white","","NY","degree_bs","incF_50to75","1","","month_2-3","month_2-3","boxstores","60ca4cfb5c287146cad0695a",""
"62wMqaraa4HoinP-Am2qy2PxGURoR-mPQzg66k2KTwCGPnqMYrRQN5qtniQiVQ0D","2021-11-26 20:18:29","2021-11-26 20:20:17","2021-11-26 20:20:17","","1954","man","white","","PA","college_some","incE_35to50","2","","month_2-3","month_2-3","takeout","5a21b2e1e473b80001baaa09","nothing"
"m574Ig3-A9-zvEJqYLEz5mpXrH0RvylfeCivWhp3Ij0Dzp4Dw-Z5btoTXJ01ELHg","2021-11-26 20:18:36","2021-11-26 20:19:32","2021-11-26 20:19:32","","1993","man","white","","NY","hs","incD_25to35","3","","never","never","boxstores, foodmarket, takeout","614f08a78143ac540c204c35",""
"4VS1MZ508aXfopFfxVeuD2t4IUP5wYCvTRNwlmunGYIYR4GSYvRmvio5OQpFm5Lv","2021-11-26 20:19:36","2021-11-26 20:20:28","2021-11-26 20:20:28","","1987","man","white","","MN","degree_grad","incI_150to200","2","2","month_2-3","month_2-3","boxstores","606dfaf0c97b168105136504",""
"gstBs-AUBlkEYL8EBhTm_2JD9RGGckCOy8eINYxU6X3AOEimUlQjQjzS-Qy5Mdc5","2021-11-26 20:19:39","2021-11-26 20:20:50","2021-11-26 20:20:50","","1995","man","white","","OH","degree_bs","incE_35to50","","","month_2-3","month_2-3","boxstores","611d6a45c3de131cf087340f",""
"Ubqm7RDRPXlaMvG1TxYs2OgNSDU1_GjXlS5L9LNDYhgJlRvJzMDokLJfgordHHVl","2021-11-26 20:19:42","2021-11-26 20:20:49","2021-11-26 20:20:49","","1983","man","white","","PA","degree_grad","incE_35to50","2","","month_2-3","month_2-3","takeout","60b8ebe00e8724e493098e52",""
"ZYPTQ8K5FTEfPkRTFEfotU3yv4mIQ5j7DPUlpLNMPB6m2UsTxcjknquIUil9_hXH","2021-11-26 20:20:03","2021-11-26 20:21:03","2021-11-26 20:21:03","","1967","man","white","","PA","college_some","incF_50to75","1","","week_2-5","week_2-5","takeout","614f7f23fc5a8f932e992ec3",""
"5CC0pKHMsELg9ERhx6kV0zfItXb3WA97c9sHW5hZV7ZhVizG5PkXc5I_pnbSYdQb","2021-11-26 20:20:03","2021-11-26 20:22:40","2021-11-26 20:22:40","","1959","man","white","","OH","hs","incB_10to15","2","","month_2-3","month_2-3","boxstores","5c46b35f904c420001274333 ","No comments "
"rQpdQc8pT4l_BTWo59m6NGSuY0udfdy4MNPJu6_OLnTb1sykzaw7mlkkrR5DXq71","2021-11-26 20:20:13","2021-11-26 20:22:15","2021-11-26 20:22:15","","1972","man","white","","MI","degree_bs","incF_50to75","2","2","week_1","week_1","boxstores","5b98d9362cca9c0001de161f",""
"3nCVdfT2CfyEc4f6__g3fmdZc24bsBChUCk8LaaIHqAU76jBIMg1zbGWqC-mrYbO","2021-11-26 20:20:32","2021-11-26 20:24:40","2021-11-26 20:24:40","","1956","man","white","","AZ","degree_bs","incD_25to35","1","","month_2-3","never","takeout","5c01dc58067bbf00019bb318","It has been years since I purchased a plastic cutlery set. I only use plastic cutlery when given to me at a fast serve restaurant and I only take the pieces I will use."
"0eFeZ-m9agM_TCGBB8hduhgRpMjjzq48cZnIqXWnaBDk94q4s1wjUBmzYwCUJq9n","2021-11-26 20:21:17","2021-11-26 20:22:06","2021-11-26 20:22:06","","1979","man","white","","WI","degree_bs","incE_35to50","2","2","month_2-3","month_2-3","boxstores, takeout","5d54a656ec261c001a8874a6",""
"6t_G1EzpAcmbNdas08epvAKt6F2_3THbxk-EwJ9MGzT17ob6hrmCFJZh6zFyBdyt","2021-11-26 20:21:52","2021-11-26 20:22:45","2021-11-26 20:22:45","","1993","man","white","","NY","degree_grad","incF_50to75","1","","month_2-3","month_2-3","takeout","60e5d47e17c05633eef565e3",""
"eQljlMt1Yq6MN1JjHbFgWvIjEyOkviz-Md2sdyj8qE9jhjD22epNDj60xKJ1f76K","2021-11-26 20:21:53","2021-11-26 20:24:09","2021-11-26 20:24:09","","1991","man","hispanic","","IL","college_some","incD_25to35","3","","week_2-5","week_2-5","online, boxstores, foodmarket","5f4b283c6e1f3e6ec65c32f6","great survey"
"wLxbYl6gTZtK10QJov4VU99ddw8he7TyOz6OeOz98rvD1NHtsPI0WJsKpG2HO-r9","2021-11-26 20:22:19","2021-11-26 20:23:43","2021-11-26 20:23:43","","1986","man","asian","","NY","degree_bs","incF_50to75","1","","week_2-5","month_2-3","boxstores, foodmarket, takeout","558fff05fdf99b3f7aada357",""
"vdJ4l6dvRLc8HuBn_8csdQSPM7bI0i8TDgdVAQVpyhRtTOZz28bJxpq0Defu0vdH","2021-11-26 20:22:37","2021-11-26 20:24:17","2021-11-26 20:24:17","","1963","man","white","","FL","college_some","incF_50to75","1","","month_2-3","month_2-3","boxstores","60e9e8092cfc1f464753dd71",""
"kPrMv36gPxBvEeUTZQv6dTdwIkjr41SDBYqhNvZsUTopq-KvH2_Z7k46YjIt9fOP","2021-11-26 20:23:12","2021-11-26 20:24:29","","","1972","man","black","","NY","degree_bs","incE_35to50","1","","month_2-3","week_1","takeout","5c2d2d6cc8ebae0001a41397",""
"3843kMYdYWhS04pbKCWLYFewN0QCOqvG4hCBvntSD7V3yhtCFjHM8vxWDFm7MNhE","2021-11-26 20:24:08","2021-11-26 20:25:28","2021-11-26 20:25:28","","1993","man","white","","NE","degree_grad","incG_75to100","2","1","month_2-3","month_2-3","takeout","5fb0b5041392254c4c4b11de",""
"T-JPOl2BzeGU1TOYxjD7aM3xw_qWMrPtNcp9hme_yakq8jn_SiSY5SDR8Ga3YcPE","2021-11-26 20:24:09","2021-11-26 20:26:24","2021-11-26 20:26:24","","1949","man","white","","CA","college_some","incE_35to50","2","","month_2-3","never","takeout","614fb0e5a57edac09cfeaf1f",""
"MbeWxPbY4BMsWkmR0METDiPzW-Bf02445MfDQw7ljGkg23wD7c2Ssth1l19xYwAO","2021-11-26 20:24:26","2021-11-26 20:25:38","2021-11-26 20:25:38","","1999","man","white","","NV","college_some","incG_75to100","3","","month_2-3","month_2-3","boxstores, takeout","61312ffa21ef9df61d90cf8a",""
"S335PnaVTMSmZsS2vC_V2JqYLJLfQp8ib_FyKDCyFB1--v951Yec0Vlh-p03Jk7k","2021-11-26 20:25:34","2021-11-26 20:26:44","2021-11-26 20:26:44","","1978","man","asian, white","","CA","degree_bs","incF_50to75","2","","week_2-5","week_2-5","online, foodmarket","5e79340b6d9a624e3f39586d",""
"9-nHcdIneOioHeb9-tjh42owkrgDB3-UWbK7SDcoCHS9xdeyIL2V8fR_AfSdRC4-","2021-11-26 20:25:41","2021-11-26 20:27:56","2021-11-26 20:27:56","","1970","man","white","","PA","degree_bs","incG_75to100","2","2","week_2-5","week_2-5","boxstores","5f36bde6d3369c0cadac39bf","Enlightening"
"GkKnU1p8j4iR_ScfnzTNl1zC5E6La1zO8yRh4zcE0YqbyyhhSKgaBRj2vF49MBOz","2021-11-26 20:27:56","2021-11-26 20:29:29","2021-11-26 20:29:29","","1976","man","white","","PA","degree_associate","incJ_200toInf","2","","month_2-3","month_2-3","boxstores","61283769a39dd638c256540c",""
"lwCW63cHhFlcEj_yPltcq-wCmAdTt6jeClQgRyTY4hHBcP4p5IsJn5JoyvlF6g7_","2021-11-26 20:28:10","2021-11-26 20:30:18","2021-11-26 20:30:18","","1986","man","white","","OH","hs","incC_15to25","1","","everyday","everyday","online, boxstores, foodmarket, takeout","5d9be99fdacf6100182bf254","this was interesting "
"T1YKOwYcp_kInjnJH5v1ik4unTOtyhTop-chsVEZiW62hIe4DNUSyPOOleFZ2nNR","2021-11-26 20:31:13","2021-11-26 20:32:53","2021-11-26 20:32:53","","1961","man","white, native","","IL","degree_grad","incG_75to100","1","","month_2-3","week_1","online, boxstores, foodmarket","5ed559e5afbd830e2117ed55",""
"gskCdP5lteBaE0DuEnjxlomRc0uYTZHRhcuS8RB5wv34KJhVdXjlrRQz72Dmc01a","2021-11-26 20:32:39","2021-11-26 20:33:42","2021-11-26 20:33:42","","1996","man","white","","IA","degree_bs","incC_15to25","1","","week_1","week_1","takeout","60bfd6a8478e7cbb5e86ad85",""
"0M0SqGlNSRhBdFhsIcF_1ACqcLOHDWZOFZU2-zaJPVlnhkyDFneV2QAbd5d5VYGT","2021-11-26 20:33:10","2021-11-26 20:34:01","2021-11-26 20:34:01","","1995","man","black","","MS","degree_bs","incA_0to10","1","","week_2-5","week_1","boxstores, foodmarket","5d4b1c73cfe6e90017ad8990",""
"tJrIl2DjWnQokKy7kJE90oBv-TOMdayrr8hv-vYCmSV7qiN_yFxHGcmiRSoMO62b","2021-11-26 20:36:27","2021-11-26 20:38:32","2021-11-26 20:38:32","","1984","man","white","","TX","degree_bs","incF_50to75","2","1","month_2-3","month_2-3","boxstores, foodmarket","5d2fbee1fb16450018a7a023","No comments"
"ZGkYZ6-CuOo1NP4CZdrl9N24GqmXSBp4hWFrSVUnKIV2DiyKTlh7oGNQ9vHKwzuX","2021-11-26 20:44:26","2021-11-26 20:47:26","2021-11-26 20:47:26","","1976","man","white","","NY","degree_bs","incF_50to75","3","2","everyday","everyday","boxstores, foodmarket, takeout","58472149000f1000010ebc53",""
"t8BoE7hV4wvPnplVu-iRb0xSAwRF-E5OWus6a5_05jtHNHZc0Tv-WSvjcrpZPSiT","2021-11-26 21:10:04","2021-11-26 21:12:04","2021-11-26 21:12:04","","1982","woman","","Middle Eastern","VA","degree_bs","incJ_200toInf","2","2","month_2-3","month_2-3","boxstores","123",""
"M-QxJNy9-hePgEr2ldxEGjTGYpnursf9N5UJb6XVt5XJuc8KFjz-5AadQQQoN9QM","2021-11-27 00:02:32","2021-11-27 00:03:48","2021-11-27 00:03:48","","1999","man","asian","","NY","degree_bs","incA_0to10","1","","month_2-3","everyday","online, boxstores, foodmarket, takeout","123",""
"2VlNWLGiYooyks17EsBjbmOFHUFf2x1A2OBNniZ8iv3-UoKHNv4SJdCspMmQ7zZm","2021-11-27 20:56:04","2021-11-27 20:57:24","2021-11-27 20:57:24","","1974","woman","white","","IN","degree_bs","incF_50to75","4","","month_2-3","month_2-3","boxstores","123",""
"A2ILCfzK3wMtAsA-waUFmknJWQeBIKkbgqjvSwqSSxOb2BrRsU2Rau-5pUUzmX_v","2021-11-27 21:27:46","2021-11-27 21:29:48","2021-11-27 21:29:48","","1991","woman","native","","WA","college_some","prefer_n_s","","","month_2-3","month_2-3","online, takeout","123",""
"xn2rON_BCKozdPMsBlPZz22kZU0K1GtMD5sUVFxGxbn-WD98ECknOA9rP0DH_5jh","2021-11-27 22:30:24","2021-11-27 22:32:09","2021-11-27 22:32:10","","prefer_n_s","woman","white","","PA","degree_grad","incF_50to75","2","","never","never","","123","I don't tend to use plastic cutlery because of the waste but an eco friendly fast degrading plastic sounds interesting"
"wO7YaXJMiCiPHe1MHFp3Mv8XsPcT4SAZBvoMsS7YwvS11jEP6262QRaL1Nz8R5s-","2021-11-27 22:59:56","2021-11-27 23:01:27","2021-11-27 23:01:27","","1967","woman","black","","NC","degree_grad","incJ_200toInf","2","","month_2-3","month_2-3","boxstores, foodmarket, takeout","123",""
"_uPxGSFykKd9-WV-HsQA-PXYOIsc0rkOThfNdF3RcoLMd1SGJ-lYMQD9MmVT9vS9","2021-11-28 00:50:15","2021-11-28 00:52:28","2021-11-28 00:52:29","","1982","woman","hispanic","","MA","degree_bs","incE_35to50","2","","month_2-3","never","takeout","123",""
"Q38s-fHzkTFtrCQK-PaoFP79pacEFnb8ROMagFe-lHZENkATgG87tVZ-M-pWFidz","2021-11-28 01:20:33","2021-11-28 01:23:24","2021-11-28 01:23:24","","1985","prefer_n_s","white","","TN","hs","prefer_n_s","1","","everyday","everyday","boxstores","123",""
"K7AaUv-5JfXWBBh2Tz5V7_b9d61UxZEPoxxPp5giy5od8doKF0ynciXqcWfu68fm","2021-11-28 02:19:31","2021-11-28 02:21:08","2021-11-28 02:21:08","","1989","other","white","","MD","degree_associate","incC_15to25","4","","month_2-3","month_2-3","foodmarket, takeout","123",""
"Se_IlBrXPgPw_L6pucYQ-A4l-hrsXAYA_BRg_prvAB28HUIhTBa9BufvfpUHOaGE","2021-11-28 07:22:54","2021-11-28 07:24:12","2021-11-28 07:24:12","","1986","other","prefer_n_s","","AZ","degree_associate","incF_50to75","3","","week_2-5","week_2-5","boxstores, takeout","123",""
"m7pCUq3volZzGAHKPfTEsS8g-xDXj9BZoVEd1ZG_ZQMIQwF9pwl5b_LtDcYKbHAY","2021-11-28 17:21:03","2021-11-28 17:22:19","2021-11-28 17:22:19","","1994","woman","white","","VA","degree_bs","incG_75to100","1","","never","never","foodmarket, takeout","123",""
"wPDRlSWst-m1Tim0tyrddtySmOXww96q5DfQNPLicNWo1HtQKJHh3QQ_C8Q1oRdg","2021-11-28 23:21:58","2021-11-28 23:23:38","2021-11-28 23:23:38","","prefer_n_s","woman","white","","MA","degree_bs","incF_50to75","1","","week_2-5","month_2-3","foodmarket, takeout","123",""
"-L1kSRK2tFI1ZbYd5M3fnea8VpOGOcmmcxynD87w-0rpGkTYZleuJChWcY2fBaG1","2021-11-30 20:42:51","2021-11-30 20:43:44","2021-11-30 20:43:44","","prefer_n_s","woman","white","","OR","degree_bs","prefer_n_s","","","never","never","takeout","123",""
"gv25uzZR7L-h7j0VYpsSFTL1bT3bPu8pmyxC7hchF8oVm8Yd5BuKKU1XXq1K_LL2","2021-12-01 02:13:29","2021-12-01 02:15:34","2021-12-01 02:15:34","","1981","woman","white","","MO","college_some","prefer_n_s","4","","month_2-3","month_2-3","online, takeout","123",""
"_ad4_JDOHOBXHxWEeg8q_TRIorXFQxnzepiDDWCPxd8NU06nT1yScgjxZeHbUtdY","2021-12-01 23:39:52","2021-12-01 23:42:34","2021-12-01 23:42:34","","1993","woman","asian","","DC","degree_bs","incF_50to75","","","week_1","month_2-3","online, foodmarket, takeout","123",""
"ilrVuuw332zK8DYIlHbbde_nVPaZg2kbomZFXBDL02sb1oIWGScUlNwAoHVMTNel","2021-12-02 00:31:44","2021-12-02 00:33:14","2021-12-02 00:33:15","","1990","woman","white","","GA","degree_bs","incF_50to75","1","","never","month_2-3","takeout","123",""
